{"MSSubClass": 1.5090439276485788, "LotFrontage": 5.385012919896641, "LotArea": 19.074935400516797, "Street": 0.0, "Alley": 0.026701119724375538, "LotShape": 0.6408268733850129, "LandSlope": 0.0103359173126615, "OverallQual": 1.9052540913006029, "OverallCond": 1.3867355727820845, "YearBuilt": 13.993970714900948, "YearRemodAdd": 14.0, "MasVnrArea": 3.054263565891473, "ExterQual": 0.9569336778639104, "ExterCond": 0.9784668389319552, "BsmtQual": 0.9000861326442722, "BsmtCond": 0.9259259259259259, "BsmtExposure": 0.7708871662360034, "BsmtFinType1": 1.1395348837209303, "BsmtFinSF1": 6.80275624461671, "BsmtFinType2": 1.8604651162790697, "BsmtFinSF2": 0.9819121447028424, "BsmtUnfSF": 8.893195521102498, "TotalBsmtSF": 11.391903531438414, "HeatingQC": 0.46597760551248923, "CentralAir": 0.0, "1stFlrSF": 11.936261843238588, "2ndFlrSF": 4.707149009474591, "LowQualFinSF": 0.13953488372093023, "GrLivArea": 12.692506459948321, "BsmtFullBath": 0.012058570198105082, "BsmtHalfBath": 0.0017226528854435831, "FullBath": 0.5391903531438416, "HalfBath": 0.007751937984496124, "BedroomAbvGr": 0.9819121447028424, "KitchenAbvGr": 0.04823428079242033, "KitchenQual": 0.9104220499569337, "TotRmsAbvGrd": 1.9405684754521964, "Functional": 1.9104220499569338, "Fireplaces": 0.08699397071490095, "FireplaceQu": 1.181739879414298, "GarageYrBlt": 13.252368647717486, "GarageFinish": 0.7174849267872524, "GarageCars": 0.6847545219638242, "GarageArea": 9.084409991386735, "GarageQual": 1.8682170542635659, "GarageCond": 1.8871662360034454, "PavedDrive": 0.9147286821705426, "WoodDeckSF": 3.4608096468561587, "OpenPorchSF": 2.9526270456503014, "EnclosedPorch": 0.9982773471145564, "3SsnPorch": 0.13522825150732126, "ScreenPorch": 0.5822566752799311, "Fence": 0.9147286821705426, "MiscVal": 0.3660637381567614, "MoSold": 1.7097329888027561, "YrSold": 0.5710594315245479, "TotalSF": 14.337639965546943, "MSZoning_C (all)": 0.007751937984496124, "MSZoning_FV": 0.04220499569336779, "MSZoning_RH": 0.0103359173126615, "MSZoning_RL": 0.7924203273040482, "MSZoning_RM": 0.14728682170542637, "LandContour_Bnk": 0.040482342807924204, "LandContour_HLS": 0.034453057708871665, "LandContour_Low": 0.024117140396210164, "LandContour_Lvl": 0.9009474590869939, "LotConfig_Corner": 0.1937984496124031, "LotConfig_CulDSac": 0.06546080964685616, "LotConfig_FR2": 0.03186907838070629, "LotConfig_FR3": 0.0008613264427217916, "LotConfig_Inside": 0.7080103359173127, "Neighborhood_Blmngtn": 0.01119724375538329, "Neighborhood_Blueste": 0.0008613264427217916, "Neighborhood_BrDale": 0.0103359173126615, "Neighborhood_BrkSide": 0.03789836347975883, "Neighborhood_ClearCr": 0.019810508182601206, "Neighborhood_CollgCr": 0.09646856158484066, "Neighborhood_Crawfor": 0.03531438415159346, "Neighborhood_Edwards": 0.06804478897502153, "Neighborhood_Gilbert": 0.04823428079242033, "Neighborhood_IDOTRR": 0.02756244616709733, "Neighborhood_MeadowV": 0.009474590869939707, "Neighborhood_Mitchel": 0.03531438415159346, "Neighborhood_NAmes": 0.1645133505598622, "Neighborhood_NPkVill": 0.0068906115417743325, "Neighborhood_NWAmes": 0.04909560723514212, "Neighborhood_NoRidge": 0.029285099052540915, "Neighborhood_NridgHt": 0.05598621877691645, "Neighborhood_OldTown": 0.082687338501292, "Neighborhood_SWISU": 0.015503875968992248, "Neighborhood_Sawyer": 0.053402239448751075, "Neighborhood_SawyerW": 0.037037037037037035, "Neighborhood_Somerst": 0.05426356589147287, "Neighborhood_StoneBr": 0.017226528854435832, "Neighborhood_Timber": 0.024978466838931956, "Neighborhood_Veenker": 0.008613264427217916, "Condition1_Artery": 0.034453057708871665, "Condition1_Feedr": 0.06029285099052541, "Condition1_Norm": 0.8570198105081827, "Condition1_PosA": 0.0068906115417743325, "Condition1_PosN": 0.014642549526270457, "Condition1_RRAe": 0.006029285099052541, "Condition1_RRAn": 0.015503875968992248, "Condition1_RRNe": 0.0017226528854435831, "Condition1_RRNn": 0.0034453057708871662, "Condition2_Artery": 0.0008613264427217916, "Condition2_Feedr": 0.002583979328165375, "Condition2_Norm": 0.9922480620155039, "Condition2_PosA": 0.0008613264427217916, "Condition2_PosN": 0.0017226528854435831, "Condition2_RRAe": 0.0, "Condition2_RRAn": 0.0008613264427217916, "Condition2_RRNn": 0.0008613264427217916, "BldgType_1Fam": 0.8372093023255814, "BldgType_2fmCon": 0.02153316106804479, "BldgType_Duplex": 0.03789836347975883, "BldgType_Twnhs": 0.028423772609819122, "BldgType_TwnhsE": 0.07493540051679587, "HouseStyle_1.5Fin": 0.11024978466838932, "HouseStyle_1.5Unf": 0.0068906115417743325, "HouseStyle_1Story": 0.5004306632213609, "HouseStyle_2.5Fin": 0.00516795865633075, "HouseStyle_2.5Unf": 0.008613264427217916, "HouseStyle_2Story": 0.2997416020671835, "HouseStyle_SFoyer": 0.024978466838931956, "HouseStyle_SLvl": 0.04392764857881137, "RoofStyle_Flat": 0.007751937984496124, "RoofStyle_Gable": 0.7863910422049957, "RoofStyle_Gambrel": 0.007751937984496124, "RoofStyle_Hip": 0.1920757967269595, "RoofStyle_Mansard": 0.00516795865633075, "RoofStyle_Shed": 0.0008613264427217916, "RoofMatl_CompShg": 0.9819121447028424, "RoofMatl_Membran": 0.0, "RoofMatl_Metal": 0.0008613264427217916, "RoofMatl_Roll": 0.0008613264427217916, "RoofMatl_Tar&Grv": 0.0068906115417743325, "RoofMatl_WdShake": 0.004306632213608958, "RoofMatl_WdShngl": 0.00516795865633075, "Exterior1st_AsbShng": 0.013781223083548665, "Exterior1st_AsphShn": 0.0008613264427217916, "Exterior1st_BrkComm": 0.0008613264427217916, "Exterior1st_BrkFace": 0.03789836347975883, "Exterior1st_CBlock": 0.0008613264427217916, "Exterior1st_CemntBd": 0.03875968992248062, "Exterior1st_HdBoard": 0.1533161068044789, "Exterior1st_ImStucc": 0.0008613264427217916, "Exterior1st_MetalSd": 0.15417743324720068, "Exterior1st_Plywood": 0.07321274763135228, "Exterior1st_Stone": 0.0008613264427217916, "Exterior1st_Stucco": 0.01808785529715762, "Exterior1st_VinylSd": 0.33936261843238585, "Exterior1st_Wd Sdng": 0.14728682170542637, "Exterior1st_WdShing": 0.019810508182601206, "Exterior2nd_AsbShng": 0.014642549526270457, "Exterior2nd_AsphShn": 0.0017226528854435831, "Exterior2nd_Brk Cmn": 0.004306632213608958, "Exterior2nd_BrkFace": 0.019810508182601206, "Exterior2nd_CBlock": 0.0008613264427217916, "Exterior2nd_CmentBd": 0.03789836347975883, "Exterior2nd_HdBoard": 0.1429801894918174, "Exterior2nd_ImStucc": 0.006029285099052541, "Exterior2nd_MetalSd": 0.14900947459086994, "Exterior2nd_Other": 0.0, "Exterior2nd_Plywood": 0.09819121447028424, "Exterior2nd_Stone": 0.002583979328165375, "Exterior2nd_Stucco": 0.01636520241171404, "Exterior2nd_VinylSd": 0.3333333333333333, "Exterior2nd_Wd Sdng": 0.1421188630490956, "Exterior2nd_Wd Shng": 0.030146425495262703, "MasVnrType_BrkCmn": 0.012058570198105082, "MasVnrType_BrkFace": 0.3031869078380706, "MasVnrType_None": 0.5986218776916451, "MasVnrType_Stone": 0.08613264427217916, "Foundation_BrkTil": 0.09646856158484066, "Foundation_CBlock": 0.45219638242894056, "Foundation_PConc": 0.4289405684754522, "Foundation_Slab": 0.014642549526270457, "Foundation_Stone": 0.00516795865633075, "Foundation_Wood": 0.002583979328165375, "Heating_Floor": 0.0008613264427217916, "Heating_GasA": 0.9776055124892334, "Heating_GasW": 0.012058570198105082, "Heating_Grav": 0.004306632213608958, "Heating_OthW": 0.0017226528854435831, "Heating_Wall": 0.0034453057708871662, "Electrical_FuseA": 0.06459948320413436, "Electrical_FuseF": 0.01808785529715762, "Electrical_FuseP": 0.002583979328165375, "Electrical_Mix": 0.0008613264427217916, "Electrical_SBrkr": 0.9138673557278209, "GarageType_2Types": 0.004306632213608958, "GarageType_Attchd": 0.590869939707149, "GarageType_Basment": 0.012919896640826873, "GarageType_BuiltIn": 0.0611541774332472, "GarageType_CarPort": 0.00516795865633075, "GarageType_Detchd": 0.2721791559000861, "GarageType_None": 0.053402239448751075, "MiscFeature_Gar2": 0.0008613264427217916, "MiscFeature_None": 0.9646856158484065, "MiscFeature_Othr": 0.0008613264427217916, "MiscFeature_Shed": 0.03359173126614987, "SaleType_COD": 0.03273040482342808,